{
  "d_star": 22.799092404741952,
  "d_star_ci_low": 21.213696685017062,
  "d_star_ci_high": 24.931299271538137,
  "eps0": 0.015639374085593426,
  "gamma": 0.0012950540315191596,
  "r_squared": 0.9546274561281377,
  "threshold": 0.5
}